Cluster,Size,Density,Internal weight,External weight,Quality,P-value,Members
1,10,0.4642,20.89,12.03,0.3947,0.00122514,"YCL011C YDR138W YHR167W YML062C YNL139C YDL084W YNL004W YNL253W YNL140C YOR191W"
2,9,0.7250,26.10,36.13,0.3253,0.0665599,"YEL056W YPL001W YBR060C YHR118C YLL004W YML065W YPR162C YNL261W YJR154W"
3,7,0.4162,8.740,49.47,0.1210,0.124032,"YCR009C YDR388W YBR108W YPL249C YDR243C YMR192W YLR218C"
4,4,0.4600,2.760,4.060,0.1862,0.232562,"YBR017C YGL122C YOR374W YLR426W"
5,6,0.4093,6.140,84.91,0.05958,0.531907,"YGL106W YLR429W YBL079W YML011C YPL218W YNL073W"
6,2,0.9500,0.9500,3.850,0.1080,0.979387,"YOL144W YLR221C"
7,5,0.4580,4.580,46.64,0.07481,0.735190,"YCR028C-A YNR051C YLR226W YPR161C YCL054W"
8,7,0.4390,9.220,44.33,0.1365,0.374564,"YMR186W YPL240C YFR048W YGR123C YJR121W YLR216C YOR027W"
9,5,0.4600,4.600,8.110,0.2026,0.264810,"YMR044W YBR245C YFR013W YLR095C YOL017W"
10,11,0.4056,22.31,60.25,0.2134,0.105436,"YML069W YGL207W YOL006C YBR279W YGL244W YLR418C YOL145C YOR123C YMR041C YLR430W YPL084W"
11,30,0.4339,188.7,76.95,0.5795,1.11705e-07,"YDL147W YDL007W YDR363W-A YDR394W YER021W YFR004W YFR010W YFR052W YGL048C YHR027C YHR200W YIL075C YKL145W YOR117W YOR259C YOR261C YDL036C YDL097C YAL042W YDR427W YGL095C YGR232W YLR421C YPR108W YBL054W YBR080C YCR014C YMR191W YIR012W YOR209C"
12,4,0.4950,2.970,28.74,0.07479,0.144070,"YKR048C YBR267W YCL024W YMR110C"
13,4,0.4683,2.810,5.750,0.1697,0.442617,"YBR187W YPL217C YPR112C YOL010W"
14,4,0.4850,2.910,30.27,0.07067,0.766087,"YBL024W YIL070C YER023W YKL151C"
15,4,0.4050,2.430,24.72,0.06913,0.984809,"YHR121W YDL053C YER147C YDR207C"
16,9,0.4389,15.80,45.08,0.2003,0.604670,"YIL035C YOR061W YCL031C YER164W YGL019W YOR039W YBR088C YKL160W YMR172W"
17,6,0.5113,7.670,36.63,0.1362,0.764415,"YBL002W YGL241W YOL012C YDR224C YER091C YLR133W"
18,8,0.4304,12.05,45.01,0.1649,0.603552,"YPL004C YGR086C YKL142W YDR490C YMR031C YMR086W YFR019W YNL067W"
19,10,0.4236,19.06,73.36,0.1695,0.574947,"YOR294W YDR060W YKR081C YMR229C YOR206W YNL061W YKR024C YLR002C YPL211W YDL168W"
20,6,0.4260,6.390,24.67,0.1484,0.885117,"YHR064C YGR285C YDR234W YDR457W YLR262C YER136W"
21,2,0.9700,0.9700,0.9800,0.1630,0.658454,"YBL103C YOL067C"
22,4,0.4167,2.500,22.30,0.07622,0.156161,"YGR240C YMR205C YOL013C YOR375C"
23,10,0.4278,19.25,39.86,0.2433,0.0376658,"YAR002W YLR335W YLR347C YNL189W YMR125W YPL153C YJR041C YPL178W YPL020C YML060W"
24,2,0.9900,0.9900,3.880,0.1116,0.979387,"YAL036C YOR091W"
25,4,0.4367,2.620,23.67,0.07641,0.719318,"YEL037C YDL190C YNR031C YPL096W"
26,12,0.4024,26.56,48.38,0.2684,0.217865,"YBR251W YBR146W YDR041W YDR347W YGL129C YGR165W YNL137C YPL118W YER050C YDR494W YGR084C YPL013C"
27,4,0.4100,2.460,15.26,0.09565,0.153246,"YJR010C-A YDL015C YLR066W YML055W"
28,3,0.8400,2.520,4.360,0.1957,0.331260,"YGL242C YMR109W YKL129C"
29,8,0.4271,11.96,46.32,0.1610,0.603851,"YLR197W YOR310C YKR092C YPR178W YJL010C YOL144W YOR078W YPR137W"
30,4,0.4533,2.720,14.45,0.1081,0.232562,"YDR099W YNL267W YLR176C YNR014W"
31,6,0.8940,13.41,4.170,0.4533,0.00242330,"YLR200W YEL003W YGR078C YJL179W YML094W YNL153C"
32,4,0.6017,3.610,7.220,0.1917,0.235243,"YHR089C YGR283C YMR310C YDR143C"
33,7,0.6029,12.66,9.200,0.3530,0.0106539,"YJL176C YOR290C YHL025W YFL049W YNR023W YBR289W YPL016W"
34,10,0.6882,30.97,31.65,0.3748,0.00363130,"YBR119W YGR013W YIL061C YKL012W YML046W YDL087C YDR235W YDR240C YHR086W YLR298C"
35,20,0.4437,84.31,63.38,0.4492,7.93537e-05,"YDL140C YML010W YBR154C YDL115C YGL043W YGL070C YGR005C YGR063C YGR186W YIL021W YJL140W YOL005C YOR151C YOR210W YOR224C YPL129W YPR187W YDR404C YJR017C YPL225W"
36,23,0.4002,101.2,64.87,0.4773,3.23891e-07,"YBR119W YBL074C YGR074W YHR165C YPR182W YBR055C YER029C YOR159C YGR013W YIL061C YKL012W YLR147C YLR275W YML046W YDR240C YOR308C YDR473C YGR091W YER172C YKL173W YFL018W-A YPR057W YNR011C"
37,15,0.5222,54.83,43.40,0.4276,0.00121763,"YDR190C YJL081C YPL235W YCR060W YHR034C YDL002C YER092W YFL013C YGL150C YLR052W YOR141C YEL044W YNL059C YOR189W YNL215W"
38,22,0.5304,122.5,20.50,0.6551,1.33443e-08,"YBL093C YBR193C YBR253W YDL005C YDR308C YER022W YGL025C YGL127C YHR058C YNR010W YOL051W YOR174W YPR070W YPR168W YGL151W YMR112C YNL236W YHR041C YPL042C YGR104C YLR071C YOL135C"
39,5,0.4930,4.930,19.03,0.1452,0.417266,"YGL245W YBL032W YGL105W YGR264C YLR363W-A"
40,4,0.4817,2.890,18.12,0.09962,0.153246,"YDL126C YMR067C YFL044C YGL108C"
41,12,0.4118,27.18,39.30,0.3004,0.142686,"YER030W YBR079C YDR429C YER025W YJR007W YLR192C YMR146C YMR309C YNL244C YOR361C YPR041W YPL105C"
42,6,0.5013,7.520,10.28,0.2523,0.148553,"YDR049W YKL204W YOL139C YGL049C YGR162W YML017W"
43,7,0.7424,15.59,12.38,0.3715,0.00244531,"YAR003W YBR175W YDR469W YLR015W YPL138C YBR258C YHR119W"
44,4,0.4317,2.590,21.34,0.08111,0.984809,"YGL008C YBL075C YDL095W YPL226W"
45,12,0.4292,28.33,89.36,0.1999,0.602516,"YBR009C YOL054W YBR010W YEL056W YLL022C YMR284W YPL001W YJR154W YMR106C YNL030W YNL031C YNL206C"
46,15,0.5484,57.58,59.20,0.3923,0.0308397,"YDL150W YNL113W YPR110C YPR187W YOR116C YKR025W YOR207C YDR045C YJL011C YKL144C YNL151C YNR003C YPR190C YDR005C YOL021C"
47,25,0.4005,120.2,60.51,0.5209,2.62606e-07,"YJL148W YBR154C YDL150W YDR156W YNL113W YNL248C YOR210W YOR224C YOR340C YOR341W YPR110C YPR187W YOR116C YKR025W YOR207C YDR045C YJL011C YKL144C YNL151C YNR003C YPR190C YDR026C YPR010C YHR143W-A YJR063W"
48,7,0.4424,9.290,15.67,0.2384,0.0799321,"YBR278W YCL032W YDR121W YNL262W YPR175W YBR185C YLR362W"
49,18,0.6043,92.46,19.74,0.6239,1.45365e-06,"YBL041W YFR050C YGL011C YGR135W YGR253C YJL001W YML092C YMR314W YOL038W YOR362C YPR103W YBR173C YER012W YER094C YKL206C YOR157C YCR076C YEL061C"
50,7,0.5110,10.73,29.80,0.1968,0.449163,"YGL173C YDR153C YGL213C YKL023W YLR398C YPR189W YGR054W"
51,6,0.4053,6.080,22.96,0.1481,0.810761,"YDR385W YMR315W YOR133W YHL014C YIR007W YJL062W-A"
52,23,0.4287,108.5,16.97,0.6327,3.10327e-09,"YBR081C YBR198C YLR055C YMR223W YOL148C YDR145W YDR167W YGL112C YGR274C YML015C YMR005W YMR227C YMR236W YPL011C YPL254W YCL010C YDR176W YDR448W YGL066W YGR252W YPL047W YDR392W YML098W"
53,4,0.4817,2.890,6.100,0.1701,0.668441,"YNL132W YDR299W YER127W YGR145W"
54,4,0.4333,2.600,14.47,0.1037,0.557383,"YJR009C YMR048W YNL273W YOR299W"
55,6,0.4287,6.430,20.63,0.1646,0.287587,"YLR223C YCL031C YGR090W YGR251W YKL078W YNL186W"
56,4,0.4833,2.900,2.340,0.2190,0.0720253,"YDL100C YBR069C YER083C YGL020C"
57,4,0.4817,2.890,13.14,0.1203,0.150261,"YER133W YMR311C YNL233W YPL137C"
58,14,0.6613,60.18,27.27,0.5213,1.40996e-05,"YGR095C YCR035C YDL111C YDR280W YGR195W YHR069C YNL232W YNR024W YOL021C YOR001W YOR076C YGR158C YHR081W YOL142W"
59,4,0.4283,2.570,8.820,0.1325,0.843839,"YBR011C YLR371W YPL066W YLR425W"
60,15,0.8687,91.21,33.71,0.5888,2.06124e-06,"YCR020W-B YCR052W YFR037C YGR275W YIL126W YKR008W YLR033W YLR321C YLR357W YML127W YMR033W YMR091C YPR034W YDR303C YGR056W"
61,15,0.6230,65.42,24.66,0.5448,1.64486e-05,"YAL043C YDR195W YGR156W YJR093C YKL059C YLR115W YLR277C YKL018W YDR301W YKR002W YNL317W YPR107C YNL222W YLR358C YOR179C"
62,8,0.4071,11.40,33.84,0.1862,0.245817,"YNL132W YJL033W YDR299W YER127W YGR145W YDR365C YHR065C YNR054C"
63,5,0.4710,4.710,16.30,0.1519,0.376284,"YAL027W YML095C YPL022W YBR061C YPL183C"
64,4,0.4783,2.870,5.950,0.1706,0.671372,"YDL122W YMR049C YOR272W YLL008W"
65,4,0.4500,2.700,9.800,0.1317,0.148742,"YDR054C YDL132W YJR090C YOL063C"
66,5,0.4750,4.750,11.95,0.1779,0.265435,"YOL115W YIL079C YJL050W YDL175C YNL299W"
67,6,0.4113,6.170,29.29,0.1300,0.810761,"YBL052C YPR031W YDR359C YJR082C YOL077C YLR455W"
68,10,0.4198,18.89,11.88,0.3721,0.00214311,"YBR127C YDL185W YEL051W YGR020C YHR039C-B YPR036W YJR069C YLR090W YMR027W YPL201C"
69,4,0.4583,2.750,11.23,0.1251,0.766087,"YBL086C YDL182W YDL131W YER122C"
70,4,0.4167,2.500,12.14,0.1104,0.903035,"YNL106C YCR008W YLR305C YDR440W"
71,9,0.4392,15.81,27.00,0.2600,0.0926632,"YMR288W YDL043C YAL032C YDL030W YDR482C YJL203W YML049C YMR240C YPL151C"
72,5,0.4330,4.330,20.54,0.1242,0.952654,"YCR087C-A YDL060W YER131W YLR435W YOR198C"
73,8,0.6507,18.22,16.37,0.3602,0.0154138,"YGL137W YDL145C YDR238C YFR051C YIL076W YNL287W YPL010W YNL272C"
74,9,0.4275,15.39,32.86,0.2323,0.268145,"YLR175W YHR089C YNL308C YDL208W YCL059C YDL213C YHR072W-A YGL078C YMR310C"
75,12,0.6250,41.25,43.11,0.3807,0.00146972,"YJL081C YGR002C YNL107W YEL018W YDR359C YFL024C YHR090C YHR099W YNL136W YOR244W YPR023C YJR082C"
76,5,0.4060,4.060,13.81,0.1457,0.734565,"YAL007C YAR002C-A YGL055W YGL200C YML012W"
77,7,0.4090,8.590,13.83,0.2359,0.100668,"YAR073W YHR216W YLR432W YML056C YGR237C YIL154C YOR360C"
78,8,0.4293,12.02,47.39,0.1594,0.643809,"YLR197W YOR310C YEL026W YPR178W YJL010C YOL144W YOR078W YPR137W"
79,4,0.4467,2.680,17.37,0.09554,0.903035,"YMR290C YHR052W YPL009C YOR056C"
80,6,0.4293,6.440,12.48,0.2083,0.114066,"YGL120C YGL128C YKR022C YLR424W YNL224C YIL007C"
81,6,0.4467,6.700,10.07,0.2329,0.0627651,"YBL008W YBR215W YJL115W YOR038C YJR140C YLR403W"
82,22,0.4113,95.02,47.64,0.5091,2.67831e-07,"YAL011W YDR190C YDR334W YDR485C YJL081C YLR085C YML041C YPL235W YBR231C YGR002C YLR385C YNL107W YDL002C YER092W YFL013C YGL150C YLR052W YOR141C YEL044W YNL059C YOR189W YNL215W"
83,16,0.4099,49.19,48.16,0.3803,0.000634947,"YBR251W YDR041W YDR175C YDR337W YDR347W YGL129C YGR165W YIL093C YJR113C YKL155C YNL137C YPL118W YJR096W YER050C YJL063C YDR124W"
84,2,0.8500,0.8500,1.860,0.1267,0.658454,"YNR047W YBR235W"
85,7,0.5795,12.17,8.650,0.3495,0.0106539,"YML105C YDL092W YDL051W YKL122C YPL210C YPL243W YPR088C"
86,7,0.4205,8.830,24.37,0.1871,0.550837,"YBL071W-A YAL020C YDR385W YIL103W YKL191W YMR315W YLR043C"
87,5,0.4110,4.110,18.97,0.1242,0.851865,"YJR009C YJL052W YER086W YNL273W YOR299W"
88,5,0.4480,4.480,9.200,0.1892,0.147401,"YMR308C YDR101C YJL122W YKL113C YER107C"
89,9,0.4300,15.48,22.06,0.2787,0.0853281,"YMR288W YDL043C YDL030W YDR482C YGL174W YJL203W YML049C YMR240C YOR319W"
90,8,0.8996,25.19,12.45,0.4696,0.000465487,"YDR324C YDR398W YEL055C YGR128C YHR196W YJL109C YMR093W YPL126W"
91,23,0.3206,81.11,48.88,0.4609,1.41604e-06,"YIL070C YBR251W YBR146W YDR041W YDR175C YDR337W YDR347W YGL129C YGR165W YHL004W YIL093C YJR101W YJR113C YKL155C YNL137C YPL118W YER050C YGR084C YGR215W YNL081C YOR158W YNR036C YDR124W"
92,4,0.4383,2.630,7.130,0.1481,0.154712,"YHR066W YDR312W YKL014C YPR143W"
93,5,0.4570,4.570,13.07,0.1653,0.500000,"YDL031W YDL040C YHR013C YOR253W YGL045W"
94,4,0.4867,2.920,10.08,0.1390,0.557383,"YDL188C YKR062W YKL028W YAL053W"
95,8,0.4025,11.27,43.21,0.1599,0.936096,"YHR064C YGR285C YLR249W YDR234W YDR457W YLR262C YOR081C YPR173C"
96,6,0.7807,11.71,5.680,0.3984,0.0137432,"YAL001C YBR123C YDR362C YGR047C YOR110W YPL007C"
97,6,0.4893,7.340,8.590,0.2628,0.0637689,"YNL312W YAR007C YFL014W YHR164C YJL173C YDR300C"
98,6,0.5380,8.070,6.890,0.2993,0.0452060,"YOR217W YBR087W YJR068W YNL290W YOR144C YOL094C"
99,4,0.4950,2.970,10.61,0.1376,0.849739,"YOR326W YDR017C YGR003W YLR288C"
100,11,0.5522,30.37,30.41,0.3669,0.00101347,"YBL026W YJR022W YMR268C YCR077C YER112W YER146W YJL124C YNL147W YGL173C YDR378C YLR438C-A"
101,5,0.4570,4.570,10.11,0.1852,0.264180,"YPL037C YBR229C YDR221W YMR140W YHR193C"
102,2,0.9700,0.9700,1.630,0.1470,0.658454,"YGR167W YGL206C"
103,7,0.4119,8.650,11.50,0.2533,0.168420,"YGR129W YDR416W YBR188C YJR050W YLL036C YLR117C YGR278W"
104,4,0.4050,2.430,13.15,0.1031,0.903035,"YDR422C YER162C YML011C YFR024C-A"
105,5,0.4100,4.100,3.520,0.2327,0.0712283,"YKR027W YLR330W YMR237W YNL045W YKL029C"
106,9,0.7644,27.52,14.86,0.4558,0.00133986,"YBR095C YAL013W YIL084C YMR263W YNL097C YNL330C YOL004W YPL139C YPL181W"
107,7,0.4643,9.750,8.850,0.2991,0.0204568,"YJR065C YNR035C YBR234C YDL029W YIL062C YKL013C YLR370C"
108,7,0.6590,13.84,7.840,0.3879,0.00759680,"YCR058C YJL069C YLR129W YLR222C YLR409C YDR449C YJL147C"
109,4,0.4100,2.460,2.250,0.1935,0.154712,"YKL192C YIL098C YJL180C YNL315C"
110,3,0.4200,1.260,3.070,0.1220,0.331260,"YDR354W YER065C YJL168C"
111,4,0.4083,2.450,5.980,0.1491,0.235243,"YKL210W YAL012W YDR415C YOR184W"
112,8,0.4607,12.90,7.520,0.3542,0.00267552,"YAL016W YDL134C YDL188C YGL190C YML109W YMR273C YOR386W YOR162C"
113,4,0.4650,2.790,10.17,0.1331,0.557383,"YKL172W YBL039C YGR124W YLR196W"
114,11,0.4885,26.87,8.210,0.4707,5.25254e-05,"YBR107C YBR211C YDR254W YDR318W YGR179C YJR135C YLR315W YPL018W YPR046W YDR383C YLR381W"
115,4,0.4167,2.500,9.020,0.1281,0.667497,"YOR257W YER086W YJR059W YPL116W"
116,5,0.4630,4.630,13.15,0.1667,0.734565,"YHL034C YGR272C YOL077C YMR014W YNL255C"
117,4,0.4683,2.810,10.27,0.1333,0.843839,"YBR067C YER151C YMR173W YOL109W"
118,4,0.4333,2.600,14.66,0.1029,0.903035,"YER162C YML011C YGL167C YFR024C-A"
119,4,0.5150,3.090,6.870,0.1720,0.442617,"YER006W YPL093W YNL110C YNR053C"
120,4,0.5933,3.560,5.960,0.2032,0.442275,"YBR249C YKL056C YPL048W YKL081W"
121,2,0.7300,0.7300,5.950,0.06835,0.979387,"YNL055C YPR164W"
122,4,0.5400,3.240,4.500,0.2058,0.150261,"YPR171W YMR079W YHR076W YKL091C"
123,8,0.4618,12.93,19.74,0.2657,0.215279,"YBL046W YNL201C YDR075W YDR293C YML010W YDR225W YER033C YKR028W"
124,4,0.4950,2.970,8.590,0.1518,0.770201,"YDR171W YBR169C YJR148W YLR304C"
125,8,0.4100,11.48,9.800,0.3079,0.0154138,"YLR314C YCR002C YDL225W YDR507C YHR107C YJR076C YDR168W YIR022W"
126,8,0.4061,11.37,10.89,0.2972,0.0117165,"YCR071C YDR405W YLR439W YMR024W YNL284C YPL173W YDR322W YLR312W-A"
127,5,0.4920,4.920,4.620,0.2518,0.0712283,"YDL105W YDR288W YEL019C YOL034W YOR352W"
128,8,0.6336,17.74,7.770,0.4274,0.000429949,"YDR016C YDR201W YGL061C YKR037C YGR113W YKL052C YKR083C YDR320C-A"
129,6,0.7167,10.75,4.390,0.3961,0.00968669,"YGL227W YBR105C YDR255C YIL017C YIL097W YMR135C"
130,7,0.4610,9.680,1.510,0.3843,0.00171763,"YHL019C YPR029C YKL135C YFL034W YPL259C YLR170C YFR043C"
131,3,0.4767,1.430,1.510,0.1600,0.253278,"YDR120C YLR309C YHR169W"
132,4,0.4183,2.510,4.470,0.1676,0.331559,"YAL034C YER110C YNL122C YMR290W-A"
133,4,0.5383,3.230,13.46,0.1308,0.992931,"YEL030W YKL191W YJR045C YLR203C"
134,9,0.4764,17.15,3.840,0.4399,0.000268395,"YBL084C YGL240W YDR118W YHR166C YKL022C YLR127C YNL172W YOR249C YFR036W"
135,5,0.7470,7.470,4.050,0.3471,0.0180726,"YBR103W YCR033W YIL112W YKR029C YOL068C"
136,4,0.7967,4.780,3.590,0.2920,0.0151914,"YBR094W YEL015W YNL118C YOL149W"
137,5,0.4460,4.460,5.480,0.2237,0.147401,"YOR115C YDR108W YDR246W YDR472W YPR078C"
138,7,0.7771,16.32,12.41,0.3819,0.0148311,"YER025W YJR007W YDR211W YGR083C YKR026C YLR291C YOR260W"
139,7,0.4457,9.360,5.890,0.3200,0.0107254,"YGL005C YGL223C YML071C YNL041C YER157W YPR105C YNL051W"
140,3,0.4533,1.360,3.200,0.1288,0.500000,"YLR097C YEL054C YOR293W"
141,7,0.4019,8.440,5.320,0.3040,0.00754102,"YAL033W YBR257W YHR062C YNL221C YBR167C YGR030C YNL282W"
142,4,0.4417,2.650,7.080,0.1495,0.903035,"YAL026C YAR044W YAR042W YDL019C"
143,7,0.5181,10.88,7.990,0.3310,0.00897992,"YDR328C YDL216C YDR179C YMR025W YOL117W YIL071C YMR258C"
144,3,0.8767,2.630,3.970,0.2087,0.331260,"YLR028C YMR120C YNR034W"
145,4,0.4150,2.490,5.480,0.1559,0.332503,"YDR120C YLR309C YER049W YOR051C"
146,4,0.4200,2.520,3.640,0.1780,0.235243,"YLR014C YIL156W YJL020C YJL021C"
147,3,0.4333,1.300,2.280,0.1357,0.326548,"YJL128C YDL006W YDR162C"
148,4,0.4567,2.740,2.450,0.2077,0.122692,"YLR423C YDR022C YPL166W YJR156C"
149,4,0.4433,2.660,7.440,0.1470,0.442617,"YKL210W YDR415C YOR184W YPL209C"
150,5,0.4030,4.030,14.34,0.1421,0.827129,"YAL007C YGL008C YGL055W YJL034W YMR214W"
151,3,0.5500,1.650,2.240,0.1668,0.328953,"YNL246W YLL002W YMR020W"
152,6,0.8353,12.53,4.200,0.4361,0.00249906,"YPR056W YDL108W YDR460W YDR311W YLR005W YPR025C"
153,5,0.5340,5.340,4.400,0.2705,0.0296635,"YBR135W YLR079W YDL155W YBR160W YPR120C"
154,4,0.4700,2.820,8.710,0.1444,0.557383,"YBL039C YOL041C YGR124W YLR196W"
155,3,0.5467,1.640,8.990,0.09862,0.808633,"YOL054W YLR058C YEL047C"
156,3,0.7900,2.370,4.690,0.1815,0.331260,"YIL033C YPL203W YJL164C"
157,4,0.4917,2.950,6.170,0.1723,0.557383,"YDL042C YDR227W YLR278C YLR442C"
158,4,0.4333,2.600,8.960,0.1329,0.843839,"YDL042C YDR227W YJL076W YPL110C"
159,4,0.4950,2.970,3.240,0.2090,0.0902013,"YGL092W YGL100W YJR042W YKL057C"
160,3,0.9900,2.970,5.130,0.2106,0.321417,"YDR289C YGL246C YOR048C"
161,4,0.9633,5.780,2.780,0.3490,0.0147005,"YDR074W YBR126C YML100W YMR261C"
162,6,0.6020,9.030,6.160,0.3321,0.0122348,"YDR322W YDR237W YDR462W YNL005C YNL252C YCR003W"
163,4,0.4167,2.500,5.130,0.1599,0.667497,"YNL307C YLR039C YDR137W YNL044W"
164,7,0.4390,9.220,13.64,0.2501,0.261452,"YGR129W YDR416W YBR188C YLL036C YLR117C YMR213W YPR101W"
165,7,0.4810,10.10,4.510,0.3530,0.00361311,"YDR419W YDR477W YER027C YGL115W YDR422C YGL208W YER129W"
166,9,0.4469,16.09,24.54,0.2744,0.0926632,"YMR288W YDL043C YDL030W YDR482C YJL203W YML049C YMR240C YPL213W YOR319W"
167,5,0.4950,4.950,7.400,0.2215,0.337118,"YOR124C YHR131C YER125W YMR275C YOR138C"
168,5,0.4410,4.410,2.420,0.2620,0.0180726,"YFR015C YKR058W YLR258W YGL234W YJL137C"
169,5,0.5780,5.780,5.310,0.2741,0.0300514,"YDR424C YJL041W YIL115C YJL061W YKR082W"
170,7,0.4681,9.830,1.270,0.3916,0.000844960,"YHR012W YJL053W YJL154C YOR069W YOR132W YPL070W YKL195W"
171,4,0.4133,2.480,4.680,0.1636,0.557383,"YKL088W YOR054C YKR072C YJR131W"
172,5,0.8430,8.430,2.980,0.3937,0.00596262,"YLR384C YHR187W YPL101W YGR200C YPL086C"
173,5,0.4040,4.040,11.04,0.1611,0.928164,"YIL105C YNL106C YDR440W YKL126W YMR104C"
174,4,0.4650,2.790,4.530,0.1821,0.442617,"YFR024C YMR259C YBR061C YPL183C"
175,3,0.4733,1.420,3.070,0.1354,0.328953,"YKL007W YOL065C YOR236W"
176,2,0.9700,0.9700,5.540,0.09229,0.979387,"YLR399C YDL070W"
177,5,0.8010,8.010,2.330,0.3938,0.00596262,"YBL097W YFR031C YLR086W YLR272C YDR325W"
178,4,0.4567,2.740,4.110,0.1845,0.442275,"YCR066W YGL058W YDL074C YMR100W"
179,4,0.7583,4.550,4.260,0.2707,0.0561756,"YDL003W YFL008W YJL074C YIL026C"
180,9,0.4531,16.31,33.61,0.2401,0.213388,"YLR175W YHR089C YNL308C YDL208W YCL059C YCR016W YGL078C YGR283C YMR310C"
181,3,0.8967,2.690,1.870,0.2547,0.187913,"YDR091C YJR067C YNL260C"
182,4,0.4600,2.760,5.690,0.1678,0.557383,"YGR161C YJL098W YDL047W YBR214W"
183,2,0.9900,0.9900,4.620,0.1030,0.979387,"YPR169W YDR496C"
184,5,0.4520,4.520,2.120,0.2716,0.0105883,"YDR357C YEL005C YGL079W YLR408C YNL086W"
185,3,0.5933,1.780,4.400,0.1461,0.668740,"YLL021W YER149C YER155C"
186,2,0.9900,0.9900,1.940,0.1429,0.658454,"YFL006W YFL007W"
187,6,0.4373,6.560,5.210,0.2760,0.00249906,"YAL021C YCR093W YDR252W YGR134W YJR011C YNL288W"
188,4,0.7633,4.580,1.590,0.3232,0.0147005,"YER018C YMR117C YIL144W YOL069W"
189,5,0.4100,4.100,6.060,0.2034,0.0718360,"YIL091C YDL153C YJR002W YJR119C YKL035W"
190,4,0.4500,2.700,5.990,0.1618,0.557383,"YFR009W YGL195W YLR380W YML093W"
191,2,0.4500,0.4500,1.890,0.07098,0.658454,"YMR123W YLR064W"
192,7,0.4029,8.460,21.76,0.1913,0.100668,"YBL058W YDL126C YBR170C YGR048W YLR377C YML064C YNL155W"
193,4,0.4550,2.730,11.19,0.1245,0.903035,"YDR171W YBR001C YDR001C YJR148W"
194,3,0.6033,1.810,2.750,0.1714,0.331260,"YBR082C YDR059C YKL010C"
195,4,0.4100,2.460,5.930,0.1501,0.667497,"YCL032W YGL157W YGL171W YJL023C"
196,5,0.4430,4.430,1.410,0.2797,0.0172268,"YDL056W YLR182W YER111C YKR077W YOR083W"
197,6,0.5980,8.970,6.400,0.3277,0.0150289,"YLR314C YCR002C YDL225W YHR107C YJR076C YDR168W"
198,4,0.4400,2.640,3.290,0.1895,0.330598,"YAL047C YHR172W YLR212C YNL126W"
199,4,0.5867,3.520,2.730,0.2470,0.0561756,"YDR295C YNL021W YPR179C YKL134C"
200,5,0.4610,4.610,2.710,0.2662,0.00596262,"YDR357C YKL061W YEL005C YGL079W YLR408C"
201,2,0.8800,0.8800,2.520,0.1189,0.658454,"YER095W YML032C"
202,7,0.4019,8.440,22.53,0.1877,0.374430,"YDR099W YDR001C YER177W YNR047W YGR097W YNL267W YNR014W"
203,2,0.9900,0.9900,0.9000,0.1681,0.110336,"YBR101C YBR115C"
204,4,0.6000,3.600,3.160,0.2439,0.0969654,"YGL133W YOR304W YJL065C YNL230C"
205,4,0.4633,2.780,2.640,0.2072,0.154712,"YER070W YIL066C YJL026W YGR180C"
206,4,0.4533,2.720,1.680,0.2194,0.0561756,"YGR233C YOL001W YPL031C YPL219W"
207,4,0.4450,2.670,1.650,0.2167,0.0551051,"YHR114W YBR136W YLR337C YOR181W"
208,2,0.9900,0.9900,2.000,0.1416,0.658454,"YBL035C YNL102W"
209,4,0.4283,2.570,4.120,0.1749,0.442617,"YBL037W YJL084C YJR005W YJR058C"
210,4,0.4317,2.590,2.690,0.1950,0.331559,"YBR088C YJR006W YJR043C YDL102W"
211,7,0.4138,8.690,14.21,0.2355,0.398822,"YCR071C YDR405W YMR024W YPL173W YDR322W YML025C YLR312W-A"
212,4,0.4250,2.550,7.520,0.1411,0.667497,"YDL122W YMR049C YLL008W YNL085W"
213,4,0.4750,2.850,1.240,0.2357,0.0518768,"YOR007C YBR137W YOL111C YOR164C"
214,4,0.4033,2.420,5.810,0.1491,0.764757,"YAL017W YDL100C YOR196C YMR116C"
215,3,0.5300,1.590,2.130,0.1636,0.0920193,"YLR270W YOR173W YPL245W"
216,3,0.4600,1.380,1.780,0.1507,0.328953,"YML106W YDR058C YMR271C"
217,4,0.5383,3.230,2.010,0.2440,0.0295359,"YCR065W YJR102C YPL002C YLR417W"
218,2,0.6100,0.6100,3.210,0.07801,0.979387,"YBL055C YOR052C"
219,3,0.9900,2.970,3.930,0.2302,0.0318013,"YAL021C YCR093W YNL288W"
220,3,0.5767,1.730,2.400,0.1708,0.331260,"YBL076C YLR060W YFL022C"
221,2,0.9900,0.9900,2.380,0.1343,0.658454,"YCR053W YML126C"
222,3,0.6833,2.050,1.050,0.2253,0.0404278,"YCL016C YHR191C YMR078C"
223,4,0.4383,2.630,1.360,0.2193,0.0551051,"YBL056W YLR240W YBR125C YDR071C"
224,2,0.8400,0.8400,2.220,0.1190,0.979387,"YGR116W YPR133C"
225,3,0.9700,2.910,0.7900,0.3000,0.0382613,"YBR195C YML102W YPR018W"
226,5,0.4710,4.710,2.440,0.2746,0.0136642,"YBR288C YGR261C YJL024C YPL195W YPL212C"
227,3,0.5267,1.580,1.730,0.1697,0.191367,"YCR005C YOR323C YCR079W"
228,2,0.6500,0.6500,1.440,0.1067,0.658454,"YCR086W YDR439W"
229,4,0.4083,2.450,5.030,0.1583,0.557383,"YPR067W YFR009W YGL195W YML093W"
230,4,0.4183,2.510,1.650,0.2064,0.0303010,"YAR019C YDR152W YGR173W YOL061W"
231,2,0.5600,0.5600,1.050,0.09982,0.658454,"YNL084C YIR006C"
232,2,0.9800,0.9800,1.390,0.1538,0.658454,"YER071C YIR003W"
233,4,0.4533,2.720,7.510,0.1492,0.442617,"YPR116W YOR355W YML091C YJL023C"
234,4,0.4783,2.870,4.470,0.1871,0.122692,"YFR024C YOR042W YMR259C YBR061C"
235,4,0.5583,3.350,0.2900,0.2878,0.0132594,"YGR206W YCL008C YLR119W YPL065W"
236,4,0.4167,2.500,9.980,0.1221,0.969699,"YDL085W YBR011C YLR371W YPL066W"
237,3,0.7867,2.360,1.160,0.2479,0.0404278,"YJL006C YKL139W YML112W"
238,5,0.4710,4.710,1.360,0.2931,0.0152995,"YJL072C YDR013W YDR489W YOL146W YPR135W"
239,2,0.9800,0.9800,1.340,0.1551,0.658454,"YJL125C YNL062C"
240,3,0.4567,1.370,0.5900,0.1721,0.0920193,"YJL155C YLR345W YOR219C"
241,4,0.4317,2.590,6.000,0.1561,0.764757,"YJL034W YMR214W YJR104C YMR038C"
242,2,0.9800,0.9800,0.4000,0.1822,0.110336,"YJR109C YOR303W"
243,3,0.4300,1.290,0.8400,0.1587,0.0920193,"YKL058W YFR032C YOR194C"
244,3,0.5500,1.650,2.300,0.1658,0.253278,"YML057W YKL190W YLR433C"
245,3,0.5867,1.760,2.020,0.1800,0.191367,"YLR153C YPR074C YBR117C"
246,5,0.4320,4.320,17.92,0.1340,0.851865,"YDL060W YER131W YLR435W YOR198C YNL207W"
247,4,0.4317,2.590,1.250,0.2188,0.0518768,"YNL071W YBR221C YER178W YDL239C"
248,3,0.6567,1.970,2.240,0.1929,0.191367,"YNL099C YNL032W YNL056W"
249,4,0.4167,2.500,4.560,0.1660,0.332503,"YPL195W YNL177C YGL232W YPL212C"
250,4,0.4050,2.430,22.37,0.07409,0.764757,"YGR086C YNL251C YKR086W YPL074W"
251,2,0.9700,0.9700,0.6400,0.1729,0.110336,"YER090W YKL211C"
252,3,0.4200,1.260,2.610,0.1277,0.500000,"YOR014W YGR123C YLL001W"
253,4,0.9867,5.920,0.000,0.4253,0.00967973,"YAL034W-A YIR010W YPL233W YJR112W"
254,3,0.7733,2.320,0.3700,0.2670,0.0382613,"YHR197W YHR085W YNL182C"
255,2,0.4500,0.4500,0.5800,0.08946,0.658454,"YIL173W YBR281C"
256,3,0.9133,2.740,0.2900,0.3034,0.0382613,"YBL021C YOR358W YGL237C"
257,3,0.6167,1.850,1.940,0.1890,0.0404278,"YBL067C YOL087C YER098W"
258,3,0.5700,1.710,1.930,0.1774,0.0404278,"YBR084W YGR204W YIL137C"
259,2,0.6800,0.6800,1.450,0.1109,0.658454,"YJR033C YDR202C"
260,2,0.9900,0.9900,0.6500,0.1755,0.110336,"YBR131W YGL124C"
261,2,0.4000,0.4000,0.6200,0.07968,0.658454,"YOR233W YMR010W"
262,3,0.7767,2.330,1.120,0.2466,0.0404278,"YBR225W YGL197W YLR310C"
263,4,0.4100,2.460,4.010,0.1700,0.557383,"YNL242W YFR021W YHR070W YFR040W"
264,2,0.5800,0.5800,1.940,0.08896,0.979387,"YCR084C YKL213C"
265,4,0.4017,2.410,4.860,0.1578,0.442617,"YDR227W YGL121C YLR278C YLR442C"
266,2,0.4000,0.4000,0.6200,0.07968,0.658454,"YDL181W YDL130W-A"
267,3,0.5900,1.770,0.9900,0.2021,0.130577,"YDL195W YLR208W YDR164C"
268,2,0.4000,0.4000,0.6500,0.07921,0.658454,"YDR051C YLR024C"
269,3,0.7900,2.370,2.270,0.2227,0.331260,"YDR092W YGL087C YMR140W"
270,2,0.9400,0.9400,0.7100,0.1664,0.110336,"YDR097C YOL090W"
271,2,0.9800,0.9800,1.260,0.1571,0.110336,"YDR148C YIL125W"
272,4,0.4233,2.540,2.420,0.1960,0.122692,"YAR019C YDR152W YGR173W YIL152W"
273,5,0.4290,4.290,3.870,0.2362,0.0463459,"YAL021C YCR093W YPR035W YNL288W YLR048W"
274,2,0.4500,0.4500,0.9600,0.08318,0.658454,"YDR181C YMR127C"
275,2,0.8400,0.8400,0.3900,0.1606,0.110336,"YPL231W YKL182W"
276,4,0.4500,2.700,0.3000,0.2455,0.0132594,"YIL135C YOR043W YLL010C YLR019W"
277,4,0.4383,2.630,4.190,0.1775,0.332503,"YDR436W YFR021W YFR040W YML016C"
278,2,0.9900,0.9900,1.930,0.1431,0.658454,"YDR502C YLR180W"
279,5,0.4100,4.100,9.710,0.1722,0.734565,"YKL204W YOL139C YDR515W YGR162W YOR276W"
280,4,0.4767,2.860,1.370,0.2339,0.0151914,"YDR517W YDL099W YPR181C YNL049C"
281,2,0.5100,0.5100,2.090,0.07727,0.979387,"YEL012W YLR410W"
282,3,0.9167,2.750,0.4500,0.2989,0.0360991,"YBR152W YGR075C YDL098C"
283,4,0.4333,2.600,3.450,0.1851,0.122692,"YDR436W YKL193C YFR003C YML016C"
284,4,0.5167,3.100,3.840,0.2075,0.233913,"YDR310C YOR279C YBR059C YOL068C"
285,4,0.4800,2.880,11.10,0.1310,0.667497,"YDL188C YKR062W YKL028W YNL112W"
286,2,0.9900,0.9900,1.320,0.1569,0.658454,"YGL097W YLR293C"
287,3,0.4800,1.440,0.3900,0.1839,0.0382613,"YMR012W YJL144W YNL234W"
288,3,0.4600,1.380,0.8400,0.1679,0.0952151,"YGR119C YFR002W YGL172W"
289,3,0.5133,1.540,2.410,0.1548,0.187913,"YJL008C YFL037W YJL159W"
290,5,0.4160,4.160,1.370,0.2679,0.00596262,"YER174C YGR262C YML036W YJL184W YKR038C"
291,2,0.8400,0.8400,0.6000,0.1544,0.110336,"YHL002W YNR006W"
292,2,0.4000,0.4000,0.8700,0.07590,0.658454,"YHR084W YPL049C"
293,4,0.4850,2.910,18.55,0.09878,0.903035,"YOL012C YKL028W YKR092C YDR452W"
294,2,0.8400,0.8400,1.570,0.1310,0.658454,"YCL043C YHR204W"
295,3,0.5000,1.500,1.170,0.1730,0.134143,"YLR386W YNL325C YOR336W"
296,2,0.9900,0.9900,0.8700,0.1689,0.110336,"YJL070C YML035C"
297,5,0.4990,4.990,8.980,0.2082,0.417266,"YMR125W YJR041C YKL214C YPL178W YOR098C"
298,2,0.9500,0.9500,1.370,0.1503,0.110336,"YJR089W YBR156C"
299,2,0.4400,0.4400,0.9600,0.08148,0.658454,"YHR179W YMR201C"
300,3,0.5333,1.600,0.8700,0.1889,0.0404278,"YMR170C YMR169C YKL100C"
301,2,0.9200,0.9200,1.990,0.1331,0.658454,"YLR319C YOR304C-A"
302,2,0.9900,0.9900,1.410,0.1547,0.658454,"YLR354C YGR043C"
303,8,0.4586,12.84,26.06,0.2339,0.356495,"YOR061W YER164W YGL019W YOR039W YKL088W YKR072C YLR407W YMR172W"
304,6,0.4047,6.070,20.73,0.1564,0.287587,"YBR109C YGL242C YMR109W YOL109W YKL129C YMR071C"
305,3,0.4600,1.380,0.5400,0.1742,0.0920193,"YNR046W YML014W YOL124C"
306,5,0.4250,4.250,8.690,0.1853,0.146663,"YMR308C YDR101C YJL122W YLR276C YER107C"
307,2,0.9800,0.9800,0.6700,0.1735,0.110336,"YNL037C YOR136W"
308,2,0.6600,0.6600,1.140,0.1138,0.658454,"YNL168C YEL013W"
309,4,0.4067,2.440,14.27,0.09875,0.500000,"YCR009C YPL249C YMR192W YOL098C"
310,2,0.6800,0.6800,1.670,0.1071,0.658454,"YLL062C YOR064C"
311,5,0.4690,4.690,19.74,0.1362,0.582734,"YGL245W YBL032W YGL105W YGR264C YOR097C"
312,3,0.5533,1.660,0.7300,0.1979,0.0404278,"YBR171W YOR254C YLR292C"
313,21,0.3793,79.65,71.76,0.4118,0.000311115,"YBR119W YBL074C YGR074W YHR165C YPR182W YBR055C YER029C YOR159C YKL012W YLR147C YLR275W YOR308C YDR473C YGR091W YER172C YKL173W YFL018W-A YPR057W YNR011C YOR305W YDL085C-A"
314,3,0.4900,1.470,1.330,0.1670,0.187913,"YHR183W YGR256W YHR137W"
315,2,0.7800,0.7800,1.070,0.1333,0.658454,"YBR223C YGL082W"
316,3,0.5000,1.500,0.9700,0.1771,0.0382613,"YGL050W YIL050W YDR140W"
317,8,0.4104,11.49,2.270,0.3861,0.000733669,"YAL033W YBR257W YHR062C YNL221C YBR167C YDR478W YNL282W YIR015W"
318,3,0.4133,1.240,0.8300,0.1537,0.187913,"YAL024C YPR140W Q0050"
319,2,0.9900,0.9900,0.4000,0.1837,0.110336,"YBL045C YPR191W"
320,2,0.6700,0.6700,0.2900,0.1351,0.110336,"YBL047C YCR030C"
321,5,0.4090,4.090,8.330,0.1824,0.0712283,"YGR081C YMR308C YDR101C YJL122W YER107C"
322,2,0.9900,0.9900,0.6400,0.1758,0.110336,"YBR030W YLR244C"
323,2,0.7000,0.7000,0.5800,0.1326,0.110336,"YDR346C YPL111W"
324,3,0.6567,1.970,0.000,0.2472,0.0318013,"YBR268W YDL202W YNL185C"
325,2,0.9500,0.9500,0.3200,0.1803,0.110336,"YPL023C YGL125W"
326,4,0.4533,2.720,1.100,0.2301,0.0147005,"YCL017C YER048W-A YKL192C YIL098C"
327,3,0.9167,2.750,0.000,0.3143,0.0296732,"YCR020C-A YEL053C YPR051W"
328,2,0.9900,0.9900,1.140,0.1615,0.110336,"YOL070C YNL078W"
329,2,0.6400,0.6400,2.160,0.09412,0.658454,"YDL031W YHR154W"
330,2,0.9500,0.9500,0.3300,0.1799,0.110336,"YDL044C YLR139C"
331,4,0.4550,2.730,4.800,0.1758,0.442617,"YGL058W YDL074C YPL055C YOR365C"
332,6,0.4093,6.140,10.28,0.2160,0.148553,"YDL003W YFL008W YJL074C YDR180W YER147C YIL026C"
333,4,0.4317,2.590,21.64,0.08036,0.764757,"YPL226W YGL251C YLR249W YOR091W"
334,2,0.7500,0.7500,0.5900,0.1404,0.110336,"YCR032W YOL057W"
335,2,0.9900,0.9900,1.140,0.1615,0.110336,"YDL201W YDR165W"
336,4,0.4483,2.690,1.790,0.2155,0.0956335,"YPL174C YOR007C YBR137W YOL111C"
337,2,0.4000,0.4000,0.3000,0.08511,0.110336,"YDR141C YNL297C"
338,3,0.4233,1.270,0.000,0.1747,0.0318013,"YDR147W YHR087W YIL162W"
339,2,0.6500,0.6500,0.3400,0.1303,0.110336,"YDR213W YML111W"
340,3,0.7667,2.300,0.000,0.2771,0.0318013,"YDR279W YLR154C YNL072W"
341,5,0.4540,4.540,5.830,0.2229,0.0718360,"YOR115C YDR108W YDR246W YDR472W YDR407C"
342,2,0.7700,0.7700,0.6800,0.1413,0.110336,"YDR453C YML028W"
343,2,0.8800,0.8800,0.3600,0.1679,0.110336,"YDR533C YMR322C"
344,2,0.7400,0.7400,0.2900,0.1471,0.110336,"YEL016C YBR034C"
345,2,0.9900,0.9900,0.3600,0.1850,0.110336,"YER007C-A YJR014W"
346,4,0.4283,2.570,10.18,0.1239,0.332503,"YER177W YNR047W YER016W YBR235W"
347,3,0.4900,1.470,0.000,0.1968,0.0318013,"YGL044C YMR061W YOR250C"
348,2,0.9300,0.9300,1.060,0.1553,0.110336,"YGL094C YKL025C"
349,5,0.4640,4.640,19.29,0.1368,0.500000,"YGL245W YBL032W YGL105W YGR264C YMR280C"
350,2,0.7000,0.7000,0.2800,0.1406,0.110336,"YOR101W YNL098C"
351,3,0.6500,1.950,0.6400,0.2270,0.0382613,"YGR071C YPL128C YLR373C"
352,5,0.4540,4.540,15.75,0.1499,0.337587,"YGR103W YMR049C YGR067C YOR272W YLL008W"
353,2,0.4000,0.4000,0.6800,0.07874,0.658454,"YML059C YLR375W"
354,2,0.9700,0.9700,0.6500,0.1726,0.110336,"YGR170W YNL264C"
355,4,0.4017,2.410,3.520,0.1730,0.235243,"YER070W YJL026W YGR180C YPL191C"
356,8,0.4218,11.81,25.37,0.2221,0.247418,"YMR288W YDL043C YJL203W YML049C YMR240C YPL213W YOR148C YNL286W"
357,2,0.9900,0.9900,0.3600,0.1850,0.110336,"YHL029C YCR095C"
358,2,0.9900,0.9900,0.4800,0.1810,0.110336,"YHR024C YLR163C"
359,3,0.4800,1.440,0.000,0.1935,0.0318013,"YHR122W YDR267C YIL128W"
360,2,0.7700,0.7700,0.5900,0.1437,0.110336,"YHR156C YOR238W"
361,7,0.4062,8.530,24.28,0.1822,0.550892,"YBL071W-A YAL020C YDR385W YIL103W YKL191W YLR043C YER001W"
362,4,0.4867,2.920,2.710,0.2142,0.154712,"YCR105W YCR065W YJR102C YPL002C"
363,3,0.5867,1.760,0.000,0.2268,0.0318013,"YJL025W YBL014C YML043C"
364,11,0.4065,22.36,80.17,0.1796,0.784646,"YOR294W YDR060W YKR081C YMR229C YOR206W YNL061W YHR066W YKR024C YLR002C YMR128W YDL168W"
365,6,0.4293,6.440,10.74,0.2207,0.0867427,"YBR094W YEL015W YJL124C YNL118C YBL004W YOL149W"
366,4,0.4050,2.430,15.25,0.09463,0.153246,"YJR010C-A YBR291C YDL015C YLR066W"
367,4,0.4267,2.560,21.90,0.07887,0.764757,"YPL226W YLR249W YOR086C YOR091W"
368,2,0.4000,0.4000,0.2900,0.08529,0.110336,"YJR052W YPL046C"
369,2,0.4500,0.4500,0.3900,0.09298,0.110336,"YKL164C YDL069C"
370,10,0.4049,18.22,79.48,0.1548,0.907062,"YOR294W YDR060W YKR081C YMR229C YOR206W YNL061W YHR066W YKR024C YHR025W YMR128W"
371,2,0.5100,0.5100,0.7600,0.09677,0.658454,"YKR098C YGL180W"
372,2,0.4500,0.4500,0.3000,0.09474,0.110336,"YLR035C YMR167W"
373,2,0.4000,0.4000,0.5900,0.08016,0.658454,"YLR146C YPR069C"
374,2,0.8400,0.8400,0.3400,0.1622,0.110336,"YLR248W YLR113W"
375,6,0.4173,6.260,30.43,0.1286,0.935897,"YHR064C YFL013C YGR285C YDR234W YLR262C YLR336C"
376,3,0.4100,1.230,0.6100,0.1569,0.0578440,"YLR401C YBR248C YIR035C"
377,7,0.4176,8.770,5.700,0.3080,0.0105825,"YGL005C YGL223C YML071C YNL041C YGR120C YPR105C YNL051W"
378,2,0.4000,0.4000,0.2900,0.08529,0.110336,"YMR043W YNL042W"
379,2,0.8400,0.8400,0.3600,0.1615,0.110336,"YNL052W YGL187C"
380,2,0.9900,0.9900,0.4900,0.1807,0.110336,"YNL104C YOR108W"
381,2,0.9800,0.9800,0.3100,0.1853,0.110336,"YNL220W YOR187W"
382,2,0.8300,0.8300,0.3200,0.1612,0.110336,"YNL238W YOL031C"
383,3,0.4433,1.330,0.8400,0.1628,0.0920193,"YNL251C YPL190C YFL021W"
384,3,0.4167,1.250,0.000,0.1724,0.0318013,"YNL256W YMR074C YEL021W"
385,2,0.8700,0.8700,0.3100,0.1680,0.110336,"YNL274C YER153C"
386,2,0.8600,0.8600,0.4900,0.1607,0.110336,"YNL292W YHR011W"
387,2,0.8300,0.8300,0.3500,0.1602,0.110336,"YNR016C YMR207C"
388,2,0.4500,0.4500,0.6300,0.08858,0.658454,"YOL108C YDR123C"
389,2,0.9900,0.9900,0.7700,0.1719,0.110336,"YOR142W YGR244C"
390,2,0.6800,0.6800,0.3200,0.1360,0.110336,"YOR349W YER007W"
391,4,0.4483,2.690,6.970,0.1523,0.332503,"YCR053W YML126C YOR209C YNL022C"
392,4,0.4333,2.600,28.18,0.06704,0.843839,"YOR294W YBR187W YHR127W YOR213C"
393,4,0.4183,2.510,29.32,0.06302,0.442617,"YBL024W YIL070C YKL151C YPL032C"
394,4,0.4050,2.430,8.500,0.1284,0.557725,"YOR326W YGR003W YLR288C YPL040C"
395,4,0.4350,2.610,2.230,0.2033,0.0969654,"YHR172W YLR212C YNL126W YKL215C"
396,3,0.4900,1.470,0.000,0.1968,0.0318013,"YPL228W YGL130W YHR130C"
397,2,0.9900,0.9900,0.6900,0.1743,0.110336,"YPR131C YOL076W"
398,4,0.4317,2.590,1.560,0.2132,0.0551051,"YNL071W YBR221C YER178W YJL131C"
399,2,0.5900,0.5900,0.6200,0.1132,0.658454,"YBR066C YKR015C"
400,2,0.7700,0.7700,0.7400,0.1397,0.110336,"YDL234C YIL078W"
401,5,0.4250,4.250,19.77,0.1249,0.734565,"YDR385W YBR196C YOR133W YHL014C YJL062W-A"
402,2,0.7700,0.7700,0.6100,0.1431,0.110336,"YDR189W YLR026C"
403,2,0.6800,0.6800,0.5700,0.1295,0.110336,"YDR486C YLR181C"
404,2,0.7900,0.7900,2.550,0.1076,0.979387,"YOR098C YGR202C"
405,6,0.4207,6.310,50.67,0.09148,0.209622,"YCR009C YDR388W YPL249C YDR243C YMR192W YIL039W"
406,4,0.4233,2.540,6.760,0.1468,0.235243,"YBL039C YGR124W YLR196W YNR038W"
407,2,0.6200,0.6200,0.6200,0.1183,0.308538,"YOR009W YGR211W"
408,4,0.4250,2.550,10.31,0.1222,0.332503,"YER177W YNR047W YBR235W YOR140W"
409,3,0.4600,1.380,0.000,0.1870,0.0318013,"YOR270C YLR447C YOR112W"
410,5,0.4250,4.250,9.820,0.1766,0.662413,"YDR482C YPL151C YLL036C YLR132C YPR134W"
411,5,0.4230,4.230,15.79,0.1409,0.500000,"YAL027W YLL018C YML095C YPL022W YPL183C"
412,2,0.9900,0.9900,0.000,0.1984,0.0969654,"YAL061W YAL060W"
413,20,0.4160,79.04,175.6,0.2682,0.136609,"YBL003C YBR009C YML069W YBL002W YGL207W YMR072W YOL054W YBR010W YML103C YEL056W YLL022C YPL001W YBR060C YHR118C YLL004W YML065W YPR162C YNL261W YNL030W YNL031C"
414,3,0.5633,1.690,0.9900,0.1947,0.187913,"YBL039C YGL022W YGR124W"
415,2,0.4200,0.4200,0.000,0.09502,0.0969654,"YBR149W YBL005W"
416,2,0.9900,0.9900,0.000,0.1984,0.0969654,"YBR194W YPR152C"
417,2,0.9700,0.9700,0.000,0.1952,0.0969654,"YBR260C YGR196C"
418,8,0.4096,11.47,19.56,0.2439,0.214598,"YBR279W YGL244W YLL063C YLR418C YOL145C YOR123C YLR430W YPL084W"
419,8,0.4096,11.47,19.56,0.2439,0.214598,"YBR279W YGL244W YLR418C YOL145C YOR040W YOR123C YLR430W YPL084W"
420,8,0.4189,11.73,81.30,0.1076,0.663014,"YDL014W YLR197W YOR310C YLR369W YKR092C YKL035W YOL144W YLR221C"
421,5,0.4080,4.080,48.45,0.06525,0.417018,"YDL014W YBL024W YOR381W YOL144W YLR221C"
422,6,0.4247,6.370,18.39,0.1733,0.594909,"YDL043C YAL032C YCR063W YDL030W YDR482C YPL151C"
423,5,0.4720,4.720,18.91,0.1404,0.500000,"YGL245W YBL032W YGL105W YDL103C YGR264C"
424,4,0.4733,2.840,2.970,0.2056,0.148742,"YDL116W YGL092W YGL100W YKL057C"
425,4,0.4033,2.420,11.07,0.1126,0.153246,"YDL208W YDL213C YDR381C-A YHR072W-A"
426,4,0.4033,2.420,11.07,0.1126,0.153246,"YDL208W YDL213C YHR072W-A YNR067C"
427,4,0.4033,2.420,11.07,0.1126,0.153246,"YDL208W YDL213C YHR072W-A YOL008W"
428,4,0.4550,2.730,9.590,0.1344,0.557725,"YOR326W YDR017C YMR196W YGR003W"
429,4,0.4017,2.410,10.09,0.1176,0.148742,"YDR054C YBR280C YDL132W YJR090C"
430,4,0.4200,2.520,9.980,0.1229,0.148742,"YDR054C YDL132W YFL029C YJR090C"
431,4,0.4317,2.590,1.400,0.2160,0.0295359,"YBL056W YBR125C YDR071C YER089C"
432,7,0.4076,8.560,43.37,0.1298,0.327005,"YMR186W YPL240C YDR214W YFR048W YGR123C YLR216C YOR027W"
433,4,0.4800,2.880,18.13,0.09928,0.153246,"YDL126C YMR067C YDR330W YFL044C"
434,2,0.9900,0.9900,0.000,0.1984,0.0969654,"YDR353W YHR106W"
435,4,0.4917,2.950,33.93,0.06573,0.719318,"YDR363W-A YNL087W YJR084W YPR045C"
436,2,0.4000,0.4000,0.000,0.09091,0.0969654,"YDR372C YLR149C"
437,2,0.4800,0.4800,0.000,0.1071,0.0969654,"YDR386W YBR098W"
438,2,0.9900,0.9900,0.000,0.1984,0.0969654,"YDR390C YPR180W"
439,2,0.9900,0.9900,0.000,0.1984,0.0969654,"YDR397C YER159C"
440,5,0.4320,4.320,9.920,0.1782,0.458154,"YGR129W YDR416W YIL068C YJR050W YLR117C"
441,2,0.9900,0.9900,0.000,0.1984,0.0969654,"YDR425W YJL036W"
442,7,0.4033,8.470,43.46,0.1285,0.327005,"YMR186W YPL240C YDR510W YFR048W YGR123C YLR216C YOR027W"
443,2,0.7700,0.7700,0.000,0.1614,0.0969654,"YER078C YDR226W"
444,2,0.9900,0.9900,0.000,0.1984,0.0969654,"YER081W YIL074C"
445,4,0.4217,2.530,8.530,0.1327,0.557383,"YLR259C YER086W YLR355C YPL247C"
446,4,0.4550,2.730,13.30,0.1136,0.150261,"YER133W YMR311C YOR227W YPL137C"
447,5,0.4790,4.790,18.33,0.1446,0.147401,"YBR109C YGL242C YMR109W YFR014C YKL129C"
448,2,0.9100,0.9100,0.000,0.1853,0.0969654,"YFR049W YFL018C"
449,2,0.4500,0.4500,0.000,0.1011,0.0969654,"YGL057C YBR045C"
450,2,0.9400,0.9400,0.000,0.1903,0.0969654,"YGL086W YJL030W"
451,5,0.4690,4.690,18.94,0.1395,0.500000,"YGL245W YBL032W YGL105W YBR128C YGR264C"
452,5,0.4690,4.690,18.94,0.1395,0.500000,"YGL245W YBL032W YGL105W YBR296C YGR264C"
453,5,0.4690,4.690,18.94,0.1395,0.500000,"YGL245W YBL032W YGL105W YDR270W YGR264C"
454,5,0.4690,4.690,18.94,0.1395,0.500000,"YGL245W YBL032W YGL105W YGR264C YIR033W"
455,5,0.4690,4.690,18.94,0.1395,0.500000,"YGL245W YBL032W YGL105W YGR264C YKL050C"
456,5,0.4690,4.690,18.94,0.1395,0.500000,"YGL245W YBL032W YGL105W YGR264C YLR138W"
457,5,0.4690,4.690,18.94,0.1395,0.500000,"YGL245W YBL032W YGL105W YGR264C YLR247C"
458,5,0.4690,4.690,18.94,0.1395,0.500000,"YGL245W YBL032W YGL105W YGR264C YNL119W"
459,5,0.4690,4.690,18.94,0.1395,0.500000,"YGL245W YBL032W YGL105W YGR264C YOR017W"
460,5,0.4690,4.690,18.94,0.1395,0.500000,"YGL245W YBL032W YGL105W YGR264C YOR197W"
461,2,0.4300,0.4300,0.000,0.09707,0.0969654,"YGL110C YKR023W"
462,2,0.9900,0.9900,0.000,0.1984,0.0969654,"YGL155W YKL019W"
463,12,0.3476,22.94,91.31,0.1659,0.00815834,"YDR381W YCL011C YDR138W YHR167W YML062C YNL139C YNL004W YGL166W YNL253W YNL140C YOL033W YOR191W"
464,6,0.4167,6.250,49.95,0.09164,0.184988,"YCR009C YDR388W YPL249C YDR243C YMR192W YGL175C"
465,15,0.4113,43.19,84.04,0.2747,0.0919608,"YIL035C YML069W YGL207W YOR061W YOL006C YBR279W YGL244W YLR418C YOL145C YOR123C YER164W YGL019W YOR039W YMR041C YPL084W"
466,2,0.9700,0.9700,0.000,0.1952,0.0969654,"YGR010W YLR328W"
467,2,0.4000,0.4000,0.000,0.09091,0.0969654,"YGR021W YLR269C"
468,5,0.4770,4.770,20.47,0.1354,0.500000,"YCL031C YGR090W YNL176C YKL078W YNL186W"
469,5,0.4540,4.540,15.24,0.1525,0.336168,"YGR103W YMR049C YJL192C YOR272W YLL008W"
470,5,0.4430,4.430,15.35,0.1488,0.336168,"YGR103W YMR049C YMR023C YOR272W YLL008W"
471,5,0.4380,4.380,15.40,0.1471,0.336168,"YGR103W YMR049C YMR076C YOR272W YLL008W"
472,5,0.4720,4.720,18.91,0.1404,0.500000,"YGL245W YBL032W YGL105W YGR264C YHR111W"
473,4,0.4417,2.650,27.05,0.07029,0.764757,"YIL035C YBR088C YNL149C YKL160W"
474,4,0.4583,2.750,28.78,0.06957,0.442275,"YBL024W YIL070C YOL143C YKL151C"
475,5,0.4130,4.130,16.97,0.1328,0.337587,"YNL132W YJL033W YDR299W YER127W YAL008W"
476,6,0.4207,6.310,22.65,0.1541,0.468037,"YJL138C YOL139C YGL049C YGR162W YDR021W YLR023C"
477,2,0.9900,0.9900,0.000,0.1984,0.0969654,"YJR012C YDR142C"
478,4,0.4317,2.590,10.41,0.1233,0.667497,"YDL188C YKR062W YKL028W YLR167W"
479,4,0.4333,2.600,10.40,0.1238,0.667497,"YDL188C YKR062W YKL028W YKL097W-A"
480,7,0.4024,8.450,48.95,0.1183,0.449108,"YGL106W YBR109C YBR130C YOR326W YKR010C YLR288C YOR127W"
481,2,0.9900,0.9900,1.390,0.1552,0.658454,"YNR031C YLR006C"
482,6,0.4027,6.040,50.16,0.08856,0.184988,"YCR009C YDR388W YPL249C YDR243C YMR192W YLR096W"
483,2,0.8400,0.8400,0.000,0.1736,0.0969654,"YLR116W YKL074C"
484,7,0.4029,8.460,41.20,0.1329,0.738777,"YLR175W YNL308C YDL208W YCL059C YMR290C YDR113C YPL009C"
485,2,0.4500,0.4500,0.000,0.1011,0.0969654,"YLR194C YNL050C"
486,2,0.7000,0.7000,0.000,0.1489,0.0969654,"YLR239C YAL044C"
487,6,0.4007,6.010,85.04,0.05832,0.594909,"YGL106W YLR429W YBL079W YML011C YER048C YNL073W"
488,6,0.4027,6.040,44.59,0.09644,0.235585,"YGL106W YBR109C YBR130C YML034W YMR071C YOR127W"
489,4,0.4533,2.720,6.380,0.1591,0.332503,"YPR116W YML091C YHR054C YJL023C"
490,5,0.4240,4.240,11.05,0.1677,0.582734,"YHL034C YGR272C YMR014W YGR271C-A YNL255C"
491,2,0.4000,0.4000,0.000,0.09091,0.0969654,"YMR144W YGR142W"
492,4,0.4383,2.630,10.45,0.1248,0.843839,"YER151C YMR173W YOL109W YMR118C"
493,6,0.4240,6.360,43.60,0.1026,0.344202,"YMR186W YPL240C YFR048W YGR123C YAL028W YOR027W"
494,6,0.4253,6.380,43.58,0.1030,0.344202,"YMR186W YPL240C YFR048W YGR123C YBL104C YOR027W"
495,6,0.4100,6.150,43.81,0.09926,0.344202,"YMR186W YPL240C YFR048W YGR123C YDL048C YOR027W"
496,6,0.4240,6.360,43.60,0.1026,0.344202,"YMR186W YPL240C YFR048W YGR123C YEL070W YOR027W"
497,6,0.4100,6.150,43.81,0.09926,0.344202,"YMR186W YPL240C YFR048W YGR123C YER020W YOR027W"
498,6,0.4240,6.360,43.60,0.1026,0.344202,"YMR186W YPL240C YFR048W YGR123C YJR139C YOR027W"
499,4,0.4150,2.490,3.320,0.1803,0.233913,"YMR259C YBR061C YGR108W YPL183C"
500,2,0.4200,0.4200,0.000,0.09502,0.0969654,"YMR291W YDR263C"
501,2,0.8800,0.8800,0.000,0.1803,0.0969654,"YNL134C YCR102C"
502,7,0.4000,8.400,41.26,0.1320,0.738777,"YLR175W YNL308C YDL208W YCL059C YMR290C YNL227C YPL009C"
503,7,0.4348,9.130,15.16,0.2384,0.153076,"YBR278W YCL032W YDR121W YNL262W YPR175W YBR185C YHR046C"
504,6,0.4200,6.300,21.74,0.1573,0.287252,"YBR109C YGL242C YMR109W YKL122C YKL129C YOL016C"
505,7,0.4033,8.470,48.93,0.1186,0.423838,"YGL106W YBR109C YBR130C YOR326W YLR288C YOR035C YOR127W"
506,5,0.4600,4.600,7.000,0.2130,0.337587,"YOR124C YER125W YMR275C YGR061C YOR138C"
507,5,0.4250,4.250,40.76,0.07726,0.416002,"YDR174W YMR044W YBR245C YLR095C YOR172W"
508,2,0.7600,0.7600,0.000,0.1597,0.0969654,"YOR185C YGL164C"
509,4,0.4383,2.630,45.81,0.04660,0.903035,"YLR150W YBR017C YGL122C YOR359W"
510,2,0.9200,0.9200,0.000,0.1870,0.0969654,"YPL122C YDR079C-A"
511,9,0.4669,16.81,23.90,0.2863,0.0165746,"YPR034W YJL176C YOR290C YHL025W YFL049W YNR023W YBR289W YPL016W YIL177C"
512,9,0.4669,16.81,23.90,0.2863,0.0165746,"YPR034W YJL176C YOR290C YHL025W YFL049W YNR023W YBR289W YPL016W YOR156C"
513,9,0.4669,16.81,23.90,0.2863,0.0165746,"YPR034W YJL176C YOR290C YHL025W YFL049W YNR023W YBR289W YPL016W YPR081C"
514,5,0.4410,4.410,46.81,0.07204,0.735190,"YCR028C-A YNR051C YLR226W YPR161C YDR117C"
515,5,0.4060,4.060,16.52,0.1328,0.662413,"YBR278W YCL032W YPR175W YBR185C YDL020C"
516,6,0.4113,6.170,50.03,0.09047,0.184988,"YCR009C YDR388W YPL249C YDR243C YMR192W YBR097W"
517,2,0.6100,0.6100,0.000,0.1323,0.0969654,"YCL045C YLR312C"
518,6,0.4560,6.840,9.240,0.2436,0.287252,"YCR071C YDR405W YLR439W YMR024W YPL173W YDR116C"
519,6,0.4020,6.030,85.02,0.05852,0.531907,"YGL106W YLR429W YBL079W YML011C YNL073W YDR032C"
520,4,0.4433,2.660,9.840,0.1298,0.148742,"YDR054C YDL132W YJR090C YDL164C"
521,4,0.4433,2.660,9.840,0.1298,0.148742,"YDR054C YDL132W YJR090C YIL046W"
522,2,0.7700,0.7700,0.000,0.1614,0.0969654,"YDR532C YGL093W"
523,6,0.4053,6.080,40.10,0.1045,0.712413,"YPL004C YGR086C YKL142W YDR490C YKR086W YGR267C"
524,6,0.4053,6.080,40.10,0.1045,0.712413,"YPL004C YGR086C YKL142W YDR490C YKR086W YOL045W"
525,6,0.4053,6.080,40.10,0.1045,0.712413,"YPL004C YGR086C YKL142W YDR490C YKR086W YPR115W"
526,21,0.4123,86.58,34.80,0.5299,2.38507e-07,"YBR081C YBR198C YLR055C YMR223W YOL148C YDR145W YDR167W YGL112C YML015C YMR005W YMR236W YPL254W YCL010C YDR176W YDR448W YGL066W YGR252W YPL047W YDR392W YCR082W YOR023C"
527,5,0.4390,4.390,11.69,0.1683,0.417018,"YOL115W YIL079C YJL050W YDL175C YOL120C"
528,5,0.4390,4.390,11.69,0.1683,0.417018,"YOL115W YIL079C YJL050W YDL175C YOR212W"
529,7,0.4343,9.120,41.91,0.1402,0.349153,"YLR197W YOR310C YPR178W YJL010C YOR078W YPR137W YJL162C"
530,4,0.4317,2.590,11.29,0.1184,0.385752,"YOR014W YPL240C YGR123C YJL199C"
531,7,0.4481,9.410,8.860,0.2916,0.0623930,"YJR065C YBR234C YDL029W YIL062C YKL013C YLR370C YMR028W"
532,4,0.4117,2.470,2.610,0.1888,0.154712,"YJL180C YJR121W YNL315C YBL099W"
533,2,0.5900,0.5900,0.000,0.1285,0.0969654,"YLR057W YMR289W"
534,2,0.7700,0.7700,0.000,0.1614,0.0969654,"YLR083C YDR313C"
535,9,0.4197,15.11,36.26,0.2178,0.268145,"YML069W YBR279W YGL244W YLR418C YOL145C YOR123C YOL108C YPL084W YML107C"
536,2,0.6100,0.6100,0.000,0.1323,0.0969654,"YMR029C YJL082W"
537,2,0.5900,0.5900,0.000,0.1285,0.0969654,"YMR098C YMR064W"
538,4,0.4350,2.610,27.09,0.06923,0.764757,"YIL035C YBR088C YKL160W YMR154C"
539,4,0.4317,2.590,1.930,0.2069,0.0956335,"YHR172W YLR212C YNL126W YBR151W"
540,2,0.7700,0.7700,0.000,0.1614,0.0969654,"YOR090C YMR105C"
541,4,0.4583,2.750,4.080,0.1854,0.153246,"YHR131C YER125W YMR275C YOR322C"
542,4,0.4300,2.580,6.440,0.1516,0.442275,"YBR017C YBR189W YOR374W YPL081W"
